﻿{"gpos":[{"Properties":{"highvalue":false,"name":"DEFAULT DOMAIN POLICY@WINDOMAIN.LOCAL","domain":"WINDOMAIN.LOCAL","objectid":"17F7B105-E86B-4868-8C82-C4A0DEB8BE80","distinguishedname":"CN={31B2F340-016D-11D2-945F-00C04FB984F9},CN=Policies,CN=System,DC=windomain,DC=local","description":null,"gpcpath":"\\\\windomain.local\\sysvol\\windomain.local\\Policies\\{31B2F340-016D-11D2-945F-00C04FB984F9}"},"ObjectIdentifier":"17F7B105-E86B-4868-8C82-C4A0DEB8BE80","Aces":[{"PrincipalSID":"S-1-5-21-1017245484-488396236-2120164556-512","PrincipalType":"Group","RightName":"Owner","AceType":"","IsInherited":false},{"PrincipalSID":"S-1-5-21-1017245484-488396236-2120164556-512","PrincipalType":"Group","RightName":"WriteDacl","AceType":"","IsInherited":false},{"PrincipalSID":"S-1-5-21-1017245484-488396236-2120164556-512","PrincipalType":"Group","RightName":"WriteOwner","AceType":"","IsInherited":false},{"PrincipalSID":"S-1-5-21-1017245484-488396236-2120164556-512","PrincipalType":"Group","RightName":"GenericWrite","AceType":"","IsInherited":false},{"PrincipalSID":"S-1-5-21-1017245484-488396236-2120164556-512","PrincipalType":"Group","RightName":"WriteDacl","AceType":"","IsInherited":false},{"PrincipalSID":"S-1-5-21-1017245484-488396236-2120164556-512","PrincipalType":"Group","RightName":"WriteOwner","AceType":"","IsInherited":false},{"PrincipalSID":"S-1-5-21-1017245484-488396236-2120164556-512","PrincipalType":"Group","RightName":"GenericWrite","AceType":"","IsInherited":false},{"PrincipalSID":"S-1-5-21-1017245484-488396236-2120164556-519","PrincipalType":"Group","RightName":"WriteDacl","AceType":"","IsInherited":false},{"PrincipalSID":"S-1-5-21-1017245484-488396236-2120164556-519","PrincipalType":"Group","RightName":"WriteOwner","AceType":"","IsInherited":false},{"PrincipalSID":"S-1-5-21-1017245484-488396236-2120164556-519","PrincipalType":"Group","RightName":"GenericWrite","AceType":"","IsInherited":false}]},{"Properties":{"highvalue":false,"name":"DEFAULT DOMAIN CONTROLLERS POLICY@WINDOMAIN.LOCAL","domain":"WINDOMAIN.LOCAL","objectid":"B26E9593-A6CB-4594-AC45-DFF92965B219","distinguishedname":"CN={6AC1786C-016F-11D2-945F-00C04fB984F9},CN=Policies,CN=System,DC=windomain,DC=local","description":null,"gpcpath":"\\\\windomain.local\\sysvol\\windomain.local\\Policies\\{6AC1786C-016F-11D2-945F-00C04fB984F9}"},"ObjectIdentifier":"B26E9593-A6CB-4594-AC45-DFF92965B219","Aces":[{"PrincipalSID":"S-1-5-21-1017245484-488396236-2120164556-512","PrincipalType":"Group","RightName":"Owner","AceType":"","IsInherited":false},{"PrincipalSID":"S-1-5-21-1017245484-488396236-2120164556-512","PrincipalType":"Group","RightName":"WriteDacl","AceType":"","IsInherited":false},{"PrincipalSID":"S-1-5-21-1017245484-488396236-2120164556-512","PrincipalType":"Group","RightName":"WriteOwner","AceType":"","IsInherited":false},{"PrincipalSID":"S-1-5-21-1017245484-488396236-2120164556-512","PrincipalType":"Group","RightName":"GenericWrite","AceType":"","IsInherited":false},{"PrincipalSID":"S-1-5-21-1017245484-488396236-2120164556-512","PrincipalType":"Group","RightName":"WriteDacl","AceType":"","IsInherited":false},{"PrincipalSID":"S-1-5-21-1017245484-488396236-2120164556-512","PrincipalType":"Group","RightName":"WriteOwner","AceType":"","IsInherited":false},{"PrincipalSID":"S-1-5-21-1017245484-488396236-2120164556-512","PrincipalType":"Group","RightName":"GenericWrite","AceType":"","IsInherited":false},{"PrincipalSID":"S-1-5-21-1017245484-488396236-2120164556-519","PrincipalType":"Group","RightName":"WriteDacl","AceType":"","IsInherited":false},{"PrincipalSID":"S-1-5-21-1017245484-488396236-2120164556-519","PrincipalType":"Group","RightName":"WriteOwner","AceType":"","IsInherited":false},{"PrincipalSID":"S-1-5-21-1017245484-488396236-2120164556-519","PrincipalType":"Group","RightName":"GenericWrite","AceType":"","IsInherited":false}]},{"Properties":{"highvalue":false,"name":"WINDOWS EVENT FORWARDING SERVER@WINDOMAIN.LOCAL","domain":"WINDOMAIN.LOCAL","objectid":"06453A8F-E09F-48CE-9A95-A8CDDF2A0EFF","distinguishedname":"CN={9CF0316D-023F-4570-87FF-3535D302A8A8},CN=Policies,CN=System,DC=windomain,DC=local","description":null,"gpcpath":"\\\\windomain.local\\sysvol\\windomain.local\\Policies\\{9CF0316D-023F-4570-87FF-3535D302A8A8}"},"ObjectIdentifier":"06453A8F-E09F-48CE-9A95-A8CDDF2A0EFF","Aces":[{"PrincipalSID":"S-1-5-21-1017245484-488396236-2120164556-1000","PrincipalType":"User","RightName":"Owner","AceType":"","IsInherited":false},{"PrincipalSID":"S-1-5-21-1017245484-488396236-2120164556-512","PrincipalType":"Group","RightName":"WriteDacl","AceType":"","IsInherited":false},{"PrincipalSID":"S-1-5-21-1017245484-488396236-2120164556-512","PrincipalType":"Group","RightName":"WriteOwner","AceType":"","IsInherited":false},{"PrincipalSID":"S-1-5-21-1017245484-488396236-2120164556-512","PrincipalType":"Group","RightName":"GenericWrite","AceType":"","IsInherited":false},{"PrincipalSID":"S-1-5-21-1017245484-488396236-2120164556-519","PrincipalType":"Group","RightName":"WriteDacl","AceType":"","IsInherited":false},{"PrincipalSID":"S-1-5-21-1017245484-488396236-2120164556-519","PrincipalType":"Group","RightName":"WriteOwner","AceType":"","IsInherited":false},{"PrincipalSID":"S-1-5-21-1017245484-488396236-2120164556-519","PrincipalType":"Group","RightName":"GenericWrite","AceType":"","IsInherited":false},{"PrincipalSID":"S-1-5-21-1017245484-488396236-2120164556-1000","PrincipalType":"User","RightName":"WriteDacl","AceType":"","IsInherited":false},{"PrincipalSID":"S-1-5-21-1017245484-488396236-2120164556-1000","PrincipalType":"User","RightName":"WriteOwner","AceType":"","IsInherited":false},{"PrincipalSID":"S-1-5-21-1017245484-488396236-2120164556-1000","PrincipalType":"User","RightName":"GenericWrite","AceType":"","IsInherited":false}]},{"Properties":{"highvalue":false,"name":"CUSTOM EVENT CHANNEL PERMISSIONS@WINDOMAIN.LOCAL","domain":"WINDOMAIN.LOCAL","objectid":"BC9AA09F-7E66-40F3-A316-7388AC482B45","distinguishedname":"CN={022232D9-1B84-4290-B480-ADC3B63861C1},CN=Policies,CN=System,DC=windomain,DC=local","description":null,"gpcpath":"\\\\windomain.local\\sysvol\\windomain.local\\Policies\\{022232D9-1B84-4290-B480-ADC3B63861C1}"},"ObjectIdentifier":"BC9AA09F-7E66-40F3-A316-7388AC482B45","Aces":[{"PrincipalSID":"S-1-5-21-1017245484-488396236-2120164556-1000","PrincipalType":"User","RightName":"Owner","AceType":"","IsInherited":false},{"PrincipalSID":"S-1-5-21-1017245484-488396236-2120164556-512","PrincipalType":"Group","RightName":"WriteDacl","AceType":"","IsInherited":false},{"PrincipalSID":"S-1-5-21-1017245484-488396236-2120164556-512","PrincipalType":"Group","RightName":"WriteOwner","AceType":"","IsInherited":false},{"PrincipalSID":"S-1-5-21-1017245484-488396236-2120164556-512","PrincipalType":"Group","RightName":"GenericWrite","AceType":"","IsInherited":false},{"PrincipalSID":"S-1-5-21-1017245484-488396236-2120164556-519","PrincipalType":"Group","RightName":"WriteDacl","AceType":"","IsInherited":false},{"PrincipalSID":"S-1-5-21-1017245484-488396236-2120164556-519","PrincipalType":"Group","RightName":"WriteOwner","AceType":"","IsInherited":false},{"PrincipalSID":"S-1-5-21-1017245484-488396236-2120164556-519","PrincipalType":"Group","RightName":"GenericWrite","AceType":"","IsInherited":false},{"PrincipalSID":"S-1-5-21-1017245484-488396236-2120164556-1000","PrincipalType":"User","RightName":"WriteDacl","AceType":"","IsInherited":false},{"PrincipalSID":"S-1-5-21-1017245484-488396236-2120164556-1000","PrincipalType":"User","RightName":"WriteOwner","AceType":"","IsInherited":false},{"PrincipalSID":"S-1-5-21-1017245484-488396236-2120164556-1000","PrincipalType":"User","RightName":"GenericWrite","AceType":"","IsInherited":false}]},{"Properties":{"highvalue":false,"name":"ALLOW DOMAIN USERS RDP@WINDOMAIN.LOCAL","domain":"WINDOMAIN.LOCAL","objectid":"31DFDF62-F4AF-4F07-A6BC-9824A66854C2","distinguishedname":"CN={906C42E2-73D2-43CF-B64D-7F70EDE79A94},CN=Policies,CN=System,DC=windomain,DC=local","description":null,"gpcpath":"\\\\windomain.local\\sysvol\\windomain.local\\Policies\\{906C42E2-73D2-43CF-B64D-7F70EDE79A94}"},"ObjectIdentifier":"31DFDF62-F4AF-4F07-A6BC-9824A66854C2","Aces":[{"PrincipalSID":"S-1-5-21-1017245484-488396236-2120164556-1000","PrincipalType":"User","RightName":"Owner","AceType":"","IsInherited":false},{"PrincipalSID":"S-1-5-21-1017245484-488396236-2120164556-512","PrincipalType":"Group","RightName":"WriteDacl","AceType":"","IsInherited":false},{"PrincipalSID":"S-1-5-21-1017245484-488396236-2120164556-512","PrincipalType":"Group","RightName":"WriteOwner","AceType":"","IsInherited":false},{"PrincipalSID":"S-1-5-21-1017245484-488396236-2120164556-512","PrincipalType":"Group","RightName":"GenericWrite","AceType":"","IsInherited":false},{"PrincipalSID":"S-1-5-21-1017245484-488396236-2120164556-519","PrincipalType":"Group","RightName":"WriteDacl","AceType":"","IsInherited":false},{"PrincipalSID":"S-1-5-21-1017245484-488396236-2120164556-519","PrincipalType":"Group","RightName":"WriteOwner","AceType":"","IsInherited":false},{"PrincipalSID":"S-1-5-21-1017245484-488396236-2120164556-519","PrincipalType":"Group","RightName":"GenericWrite","AceType":"","IsInherited":false},{"PrincipalSID":"S-1-5-21-1017245484-488396236-2120164556-1000","PrincipalType":"User","RightName":"WriteDacl","AceType":"","IsInherited":false},{"PrincipalSID":"S-1-5-21-1017245484-488396236-2120164556-1000","PrincipalType":"User","RightName":"WriteOwner","AceType":"","IsInherited":false},{"PrincipalSID":"S-1-5-21-1017245484-488396236-2120164556-1000","PrincipalType":"User","RightName":"GenericWrite","AceType":"","IsInherited":false}]},{"Properties":{"highvalue":false,"name":"POWERSHELL LOGGING@WINDOMAIN.LOCAL","domain":"WINDOMAIN.LOCAL","objectid":"93FD0ED6-D06D-4D00-9886-BD6D640407EA","distinguishedname":"CN={642C417D-88F4-46DF-AC83-F90F070A115D},CN=Policies,CN=System,DC=windomain,DC=local","description":null,"gpcpath":"\\\\windomain.local\\sysvol\\windomain.local\\Policies\\{642C417D-88F4-46DF-AC83-F90F070A115D}"},"ObjectIdentifier":"93FD0ED6-D06D-4D00-9886-BD6D640407EA","Aces":[{"PrincipalSID":"S-1-5-21-1017245484-488396236-2120164556-1000","PrincipalType":"User","RightName":"Owner","AceType":"","IsInherited":false},{"PrincipalSID":"S-1-5-21-1017245484-488396236-2120164556-512","PrincipalType":"Group","RightName":"WriteDacl","AceType":"","IsInherited":false},{"PrincipalSID":"S-1-5-21-1017245484-488396236-2120164556-512","PrincipalType":"Group","RightName":"WriteOwner","AceType":"","IsInherited":false},{"PrincipalSID":"S-1-5-21-1017245484-488396236-2120164556-512","PrincipalType":"Group","RightName":"GenericWrite","AceType":"","IsInherited":false},{"PrincipalSID":"S-1-5-21-1017245484-488396236-2120164556-519","PrincipalType":"Group","RightName":"WriteDacl","AceType":"","IsInherited":false},{"PrincipalSID":"S-1-5-21-1017245484-488396236-2120164556-519","PrincipalType":"Group","RightName":"WriteOwner","AceType":"","IsInherited":false},{"PrincipalSID":"S-1-5-21-1017245484-488396236-2120164556-519","PrincipalType":"Group","RightName":"GenericWrite","AceType":"","IsInherited":false},{"PrincipalSID":"S-1-5-21-1017245484-488396236-2120164556-1000","PrincipalType":"User","RightName":"WriteDacl","AceType":"","IsInherited":false},{"PrincipalSID":"S-1-5-21-1017245484-488396236-2120164556-1000","PrincipalType":"User","RightName":"WriteOwner","AceType":"","IsInherited":false},{"PrincipalSID":"S-1-5-21-1017245484-488396236-2120164556-1000","PrincipalType":"User","RightName":"GenericWrite","AceType":"","IsInherited":false}]},{"Properties":{"highvalue":false,"name":"SERVERS ENHANCED AUDITING POLICY@WINDOMAIN.LOCAL","domain":"WINDOMAIN.LOCAL","objectid":"D9C85AC8-2737-4509-896C-D824BC9CAD4F","distinguishedname":"CN={75B28CF7-6446-4131-ADBF-F9946ACB21CD},CN=Policies,CN=System,DC=windomain,DC=local","description":null,"gpcpath":"\\\\windomain.local\\sysvol\\windomain.local\\Policies\\{75B28CF7-6446-4131-ADBF-F9946ACB21CD}"},"ObjectIdentifier":"D9C85AC8-2737-4509-896C-D824BC9CAD4F","Aces":[{"PrincipalSID":"S-1-5-21-1017245484-488396236-2120164556-1000","PrincipalType":"User","RightName":"Owner","AceType":"","IsInherited":false},{"PrincipalSID":"S-1-5-21-1017245484-488396236-2120164556-512","PrincipalType":"Group","RightName":"WriteDacl","AceType":"","IsInherited":false},{"PrincipalSID":"S-1-5-21-1017245484-488396236-2120164556-512","PrincipalType":"Group","RightName":"WriteOwner","AceType":"","IsInherited":false},{"PrincipalSID":"S-1-5-21-1017245484-488396236-2120164556-512","PrincipalType":"Group","RightName":"GenericWrite","AceType":"","IsInherited":false},{"PrincipalSID":"S-1-5-21-1017245484-488396236-2120164556-519","PrincipalType":"Group","RightName":"WriteDacl","AceType":"","IsInherited":false},{"PrincipalSID":"S-1-5-21-1017245484-488396236-2120164556-519","PrincipalType":"Group","RightName":"WriteOwner","AceType":"","IsInherited":false},{"PrincipalSID":"S-1-5-21-1017245484-488396236-2120164556-519","PrincipalType":"Group","RightName":"GenericWrite","AceType":"","IsInherited":false},{"PrincipalSID":"S-1-5-21-1017245484-488396236-2120164556-1000","PrincipalType":"User","RightName":"WriteDacl","AceType":"","IsInherited":false},{"PrincipalSID":"S-1-5-21-1017245484-488396236-2120164556-1000","PrincipalType":"User","RightName":"WriteOwner","AceType":"","IsInherited":false},{"PrincipalSID":"S-1-5-21-1017245484-488396236-2120164556-1000","PrincipalType":"User","RightName":"GenericWrite","AceType":"","IsInherited":false}]},{"Properties":{"highvalue":false,"name":"WORKSTATIONS ENHANCED AUDITING POLICY@WINDOMAIN.LOCAL","domain":"WINDOMAIN.LOCAL","objectid":"A54FFB98-1022-4863-B5C8-E9E691F90372","distinguishedname":"CN={D22DBD0E-597A-42A8-AAE0-B2446A623845},CN=Policies,CN=System,DC=windomain,DC=local","description":null,"gpcpath":"\\\\windomain.local\\sysvol\\windomain.local\\Policies\\{D22DBD0E-597A-42A8-AAE0-B2446A623845}"},"ObjectIdentifier":"A54FFB98-1022-4863-B5C8-E9E691F90372","Aces":[{"PrincipalSID":"S-1-5-21-1017245484-488396236-2120164556-1000","PrincipalType":"User","RightName":"Owner","AceType":"","IsInherited":false},{"PrincipalSID":"S-1-5-21-1017245484-488396236-2120164556-512","PrincipalType":"Group","RightName":"WriteDacl","AceType":"","IsInherited":false},{"PrincipalSID":"S-1-5-21-1017245484-488396236-2120164556-512","PrincipalType":"Group","RightName":"WriteOwner","AceType":"","IsInherited":false},{"PrincipalSID":"S-1-5-21-1017245484-488396236-2120164556-512","PrincipalType":"Group","RightName":"GenericWrite","AceType":"","IsInherited":false},{"PrincipalSID":"S-1-5-21-1017245484-488396236-2120164556-519","PrincipalType":"Group","RightName":"WriteDacl","AceType":"","IsInherited":false},{"PrincipalSID":"S-1-5-21-1017245484-488396236-2120164556-519","PrincipalType":"Group","RightName":"WriteOwner","AceType":"","IsInherited":false},{"PrincipalSID":"S-1-5-21-1017245484-488396236-2120164556-519","PrincipalType":"Group","RightName":"GenericWrite","AceType":"","IsInherited":false},{"PrincipalSID":"S-1-5-21-1017245484-488396236-2120164556-1000","PrincipalType":"User","RightName":"WriteDacl","AceType":"","IsInherited":false},{"PrincipalSID":"S-1-5-21-1017245484-488396236-2120164556-1000","PrincipalType":"User","RightName":"WriteOwner","AceType":"","IsInherited":false},{"PrincipalSID":"S-1-5-21-1017245484-488396236-2120164556-1000","PrincipalType":"User","RightName":"GenericWrite","AceType":"","IsInherited":false}]},{"Properties":{"highvalue":false,"name":"DOMAIN CONTROLLERS ENHANCED AUDITING POLICY@WINDOMAIN.LOCAL","domain":"WINDOMAIN.LOCAL","objectid":"3BF03692-7F19-4429-8E28-44B64A88AB42","distinguishedname":"CN={D2988AB2-DAA8-443B-AAA7-0FAE007E0941},CN=Policies,CN=System,DC=windomain,DC=local","description":null,"gpcpath":"\\\\windomain.local\\sysvol\\windomain.local\\Policies\\{D2988AB2-DAA8-443B-AAA7-0FAE007E0941}"},"ObjectIdentifier":"3BF03692-7F19-4429-8E28-44B64A88AB42","Aces":[{"PrincipalSID":"S-1-5-21-1017245484-488396236-2120164556-1000","PrincipalType":"User","RightName":"Owner","AceType":"","IsInherited":false},{"PrincipalSID":"S-1-5-21-1017245484-488396236-2120164556-512","PrincipalType":"Group","RightName":"WriteDacl","AceType":"","IsInherited":false},{"PrincipalSID":"S-1-5-21-1017245484-488396236-2120164556-512","PrincipalType":"Group","RightName":"WriteOwner","AceType":"","IsInherited":false},{"PrincipalSID":"S-1-5-21-1017245484-488396236-2120164556-512","PrincipalType":"Group","RightName":"GenericWrite","AceType":"","IsInherited":false},{"PrincipalSID":"S-1-5-21-1017245484-488396236-2120164556-519","PrincipalType":"Group","RightName":"WriteDacl","AceType":"","IsInherited":false},{"PrincipalSID":"S-1-5-21-1017245484-488396236-2120164556-519","PrincipalType":"Group","RightName":"WriteOwner","AceType":"","IsInherited":false},{"PrincipalSID":"S-1-5-21-1017245484-488396236-2120164556-519","PrincipalType":"Group","RightName":"GenericWrite","AceType":"","IsInherited":false},{"PrincipalSID":"S-1-5-21-1017245484-488396236-2120164556-1000","PrincipalType":"User","RightName":"WriteDacl","AceType":"","IsInherited":false},{"PrincipalSID":"S-1-5-21-1017245484-488396236-2120164556-1000","PrincipalType":"User","RightName":"WriteOwner","AceType":"","IsInherited":false},{"PrincipalSID":"S-1-5-21-1017245484-488396236-2120164556-1000","PrincipalType":"User","RightName":"GenericWrite","AceType":"","IsInherited":false}]},{"Properties":{"highvalue":false,"name":"DISABLE WINDOWS DEFENDER@WINDOMAIN.LOCAL","domain":"WINDOMAIN.LOCAL","objectid":"65C39726-91CF-4BAF-9423-DC29CC1BCC1F","distinguishedname":"CN={8B59D71D-B1A0-4B64-BC82-D10BA9677209},CN=Policies,CN=System,DC=windomain,DC=local","description":null,"gpcpath":"\\\\windomain.local\\sysvol\\windomain.local\\Policies\\{8B59D71D-B1A0-4B64-BC82-D10BA9677209}"},"ObjectIdentifier":"65C39726-91CF-4BAF-9423-DC29CC1BCC1F","Aces":[{"PrincipalSID":"S-1-5-21-1017245484-488396236-2120164556-1000","PrincipalType":"User","RightName":"Owner","AceType":"","IsInherited":false},{"PrincipalSID":"S-1-5-21-1017245484-488396236-2120164556-512","PrincipalType":"Group","RightName":"WriteDacl","AceType":"","IsInherited":false},{"PrincipalSID":"S-1-5-21-1017245484-488396236-2120164556-512","PrincipalType":"Group","RightName":"WriteOwner","AceType":"","IsInherited":false},{"PrincipalSID":"S-1-5-21-1017245484-488396236-2120164556-512","PrincipalType":"Group","RightName":"GenericWrite","AceType":"","IsInherited":false},{"PrincipalSID":"S-1-5-21-1017245484-488396236-2120164556-519","PrincipalType":"Group","RightName":"WriteDacl","AceType":"","IsInherited":false},{"PrincipalSID":"S-1-5-21-1017245484-488396236-2120164556-519","PrincipalType":"Group","RightName":"WriteOwner","AceType":"","IsInherited":false},{"PrincipalSID":"S-1-5-21-1017245484-488396236-2120164556-519","PrincipalType":"Group","RightName":"GenericWrite","AceType":"","IsInherited":false},{"PrincipalSID":"S-1-5-21-1017245484-488396236-2120164556-1000","PrincipalType":"User","RightName":"WriteDacl","AceType":"","IsInherited":false},{"PrincipalSID":"S-1-5-21-1017245484-488396236-2120164556-1000","PrincipalType":"User","RightName":"WriteOwner","AceType":"","IsInherited":false},{"PrincipalSID":"S-1-5-21-1017245484-488396236-2120164556-1000","PrincipalType":"User","RightName":"GenericWrite","AceType":"","IsInherited":false}]},{"Properties":{"highvalue":false,"name":"TASKBAR LAYOUT@WINDOMAIN.LOCAL","domain":"WINDOMAIN.LOCAL","objectid":"05428934-D4A4-4E2C-9E63-76369D5523B5","distinguishedname":"CN={ABF0DCDD-C889-4265-8C83-0B6F80993E95},CN=Policies,CN=System,DC=windomain,DC=local","description":null,"gpcpath":"\\\\windomain.local\\sysvol\\windomain.local\\Policies\\{ABF0DCDD-C889-4265-8C83-0B6F80993E95}"},"ObjectIdentifier":"05428934-D4A4-4E2C-9E63-76369D5523B5","Aces":[{"PrincipalSID":"S-1-5-21-1017245484-488396236-2120164556-1000","PrincipalType":"User","RightName":"Owner","AceType":"","IsInherited":false},{"PrincipalSID":"S-1-5-21-1017245484-488396236-2120164556-512","PrincipalType":"Group","RightName":"WriteDacl","AceType":"","IsInherited":false},{"PrincipalSID":"S-1-5-21-1017245484-488396236-2120164556-512","PrincipalType":"Group","RightName":"WriteOwner","AceType":"","IsInherited":false},{"PrincipalSID":"S-1-5-21-1017245484-488396236-2120164556-512","PrincipalType":"Group","RightName":"GenericWrite","AceType":"","IsInherited":false},{"PrincipalSID":"S-1-5-21-1017245484-488396236-2120164556-519","PrincipalType":"Group","RightName":"WriteDacl","AceType":"","IsInherited":false},{"PrincipalSID":"S-1-5-21-1017245484-488396236-2120164556-519","PrincipalType":"Group","RightName":"WriteOwner","AceType":"","IsInherited":false},{"PrincipalSID":"S-1-5-21-1017245484-488396236-2120164556-519","PrincipalType":"Group","RightName":"GenericWrite","AceType":"","IsInherited":false},{"PrincipalSID":"S-1-5-21-1017245484-488396236-2120164556-1000","PrincipalType":"User","RightName":"WriteDacl","AceType":"","IsInherited":false},{"PrincipalSID":"S-1-5-21-1017245484-488396236-2120164556-1000","PrincipalType":"User","RightName":"WriteOwner","AceType":"","IsInherited":false},{"PrincipalSID":"S-1-5-21-1017245484-488396236-2120164556-1000","PrincipalType":"User","RightName":"GenericWrite","AceType":"","IsInherited":false}]}],"meta":{"count":11,"type":"gpos","version":3}}