﻿{"domains":[{"Properties":{"highvalue":true,"name":"WINDOMAIN.LOCAL","domain":"WINDOMAIN.LOCAL","objectid":"S-1-5-21-1017245484-488396236-2120164556","distinguishedname":"DC=windomain,DC=local","description":null,"functionallevel":"2016"},"Users":["S-1-5-21-1017245484-488396236-2120164556-500","S-1-5-21-1017245484-488396236-2120164556-501","S-1-5-21-1017245484-488396236-2120164556-503","S-1-5-21-1017245484-488396236-2120164556-1000","S-1-5-21-1017245484-488396236-2120164556-502"],"Computers":[],"ChildOus":["A19387C2-4DB8-48AF-80E9-4083EB15DD83","8C1858EF-F663-4DE3-A798-B7472FC33153","9A5DA789-BDFF-4869-8E51-1E5A5E4A0388","17DDB894-577A-43BD-A4C1-17D4B64C7E29","1C5A9A7E-D099-4D33-AB01-13D6DC3C3A34","5C56030A-74AE-4319-914A-6C0A1539103B","4C74E644-3B29-4666-B851-232C906D3346","B6C0400D-5921-4488-99C9-A045E6CFA0B5","A2B38267-407E-46F3-A595-2BC97781AFE4","F2C609CF-3449-4AA6-BF09-86DF4600CBAD","B4E77F7D-A0A3-43A0-9E4B-869160E5D625","5AF87F52-A261-4AB3-88C4-93DF05F99B45"],"Trusts":[],"Links":[{"IsEnforced":false,"Guid":"17F7B105-E86B-4868-8C82-C4A0DEB8BE80"}],"RemoteDesktopUsers":[],"LocalAdmins":[],"DcomUsers":[],"PSRemoteUsers":[],"ObjectIdentifier":"S-1-5-21-1017245484-488396236-2120164556","Aces":[{"PrincipalSID":"WINDOMAIN.LOCAL-S-1-5-32-544","PrincipalType":"Group","RightName":"Owner","AceType":"","IsInherited":false},{"PrincipalSID":"WINDOMAIN.LOCAL-S-1-5-32-544","PrincipalType":"Group","RightName":"WriteDacl","AceType":"","IsInherited":false},{"PrincipalSID":"WINDOMAIN.LOCAL-S-1-5-32-544","PrincipalType":"Group","RightName":"WriteOwner","AceType":"","IsInherited":false},{"PrincipalSID":"WINDOMAIN.LOCAL-S-1-5-32-544","PrincipalType":"Group","RightName":"ExtendedRight","AceType":"All","IsInherited":false},{"PrincipalSID":"S-1-5-21-1017245484-488396236-2120164556-512","PrincipalType":"Group","RightName":"WriteDacl","AceType":"","IsInherited":false},{"PrincipalSID":"S-1-5-21-1017245484-488396236-2120164556-512","PrincipalType":"Group","RightName":"WriteOwner","AceType":"","IsInherited":false},{"PrincipalSID":"S-1-5-21-1017245484-488396236-2120164556-512","PrincipalType":"Group","RightName":"ExtendedRight","AceType":"All","IsInherited":false},{"PrincipalSID":"S-1-5-21-1017245484-488396236-2120164556-519","PrincipalType":"Group","RightName":"GenericAll","AceType":"","IsInherited":false},{"PrincipalSID":"WINDOMAIN.LOCAL-S-1-5-9","PrincipalType":"Group","RightName":"ExtendedRight","AceType":"GetChanges","IsInherited":false},{"PrincipalSID":"WINDOMAIN.LOCAL-S-1-5-32-544","PrincipalType":"Group","RightName":"ExtendedRight","AceType":"GetChangesAll","IsInherited":false},{"PrincipalSID":"WINDOMAIN.LOCAL-S-1-5-32-544","PrincipalType":"Group","RightName":"ExtendedRight","AceType":"GetChanges","IsInherited":false},{"PrincipalSID":"S-1-5-21-1017245484-488396236-2120164556-498","PrincipalType":"Group","RightName":"ExtendedRight","AceType":"GetChanges","IsInherited":false},{"PrincipalSID":"S-1-5-21-1017245484-488396236-2120164556-516","PrincipalType":"Group","RightName":"ExtendedRight","AceType":"GetChangesAll","IsInherited":false}]}],"meta":{"count":1,"type":"domains","version":3}}